일시,시간,결과,리뷰,하이라이트,TV,라디오,구장,비고
05.05(화),14:00,두산2vs8LG,리뷰,하이라이트,S-T,,잠실,-
05.05(화),14:00,한화3vs0SK,리뷰,하이라이트,K-2T,,문학,-
05.05(화),14:00,NC4vs0삼성,리뷰,하이라이트,SS-TSPO-TSPO-2T,DM-R,대구,-
05.05(화),14:00,롯데7vs2KT,리뷰,하이라이트,KN-TMS-T,,수원,-
05.05(화),14:00,키움11vs2KIA,리뷰,하이라이트,M-T,,광주,-
05.06(수),18:30,두산5vs2LG,리뷰,하이라이트,SPO-2T,,잠실,-
05.06(수),18:30,한화2vs5SK,리뷰,하이라이트,SS-T,,문학,-
05.06(수),18:30,NC4vs3삼성,리뷰,하이라이트,SPO-T,DM-R,대구,-
05.06(수),18:30,롯데9vs4KT,리뷰,하이라이트,KN-T,,수원,-
05.06(수),18:30,키움3vs2KIA,리뷰,하이라이트,MS-T,,광주,-
05.07(목),18:30,두산9vs3LG,리뷰,하이라이트,SPO-2T,,잠실,-
05.07(목),18:30,한화8vs4SK,리뷰,하이라이트,SS-T,,문학,-
05.07(목),18:30,NC8vs2삼성,리뷰,하이라이트,SPO-T,DM-R,대구,-
05.07(목),18:30,롯데7vs3KT,리뷰,하이라이트,KN-T,,수원,-
05.07(목),18:30,키움5vs8KIA,리뷰,하이라이트,MS-T,,광주,-
05.08(금),18:30,KT12vs3두산,리뷰,하이라이트,SS-T,,잠실,-
05.08(금),18:30,SK8vs9롯데,리뷰,하이라이트,MS-T,PM-R,사직,-
05.08(금),18:30,KIA0vs5삼성,리뷰,하이라이트,SPO-T,,대구,-
05.08(금),18:30,LG5vs13NC,리뷰,하이라이트,SPO-2T,GM-R,창원,-
05.08(금),18:30,한화3vs5키움,리뷰,하이라이트,KN-T,,고척,-
05.09(토),17:00,KTvs두산,,,SS-T,,잠실,우천취소
05.09(토),17:00,SKvs롯데,,,MS-T,PM-R,사직,우천취소
05.09(토),17:00,KIA2vs14삼성,리뷰,하이라이트,SPO-T,,대구,-
05.09(토),17:00,LGvsNC,,,SPO-2T,GM-R,창원,우천취소
05.09(토),17:00,한화3vs5키움,리뷰,하이라이트,KN-T,S-R,고척,-
05.10(일),14:00,KT12vs13두산,리뷰,하이라이트,SS-T,,잠실,-
05.10(일),14:00,SK0vs4롯데,리뷰,하이라이트,MS-T,PM-R,사직,-
05.10(일),14:00,KIA12vs3삼성,리뷰,하이라이트,SPO-T,,대구,-
05.10(일),14:00,LG10vs8NC,리뷰,하이라이트,SPO-2T,GM-R,창원,-
05.10(일),14:00,한화3vs6키움,리뷰,하이라이트,KN-T,,고척,-
05.12(화),18:30,SK5vs9LG,리뷰,하이라이트,SPO-T,,잠실,-
05.12(화),18:30,두산11vs6롯데,리뷰,하이라이트,MS-T,KNN-RPM-R,사직,-
05.12(화),18:30,KT6vs7NC,리뷰,하이라이트,SPO-2T,KNN-RGM-R,창원,-
05.12(화),18:30,삼성2vs3키움,리뷰,하이라이트,KN-T,T-R,고척,-
05.12(화),18:30,KIA2vs1한화,리뷰,하이라이트,SS-TD-CMB,TM-R,대전,-
05.13(수),18:30,SK2vs14LG,리뷰,하이라이트,SPO-T,,잠실,-
05.13(수),18:30,두산9vs10롯데,리뷰,하이라이트,MS-T,KNN-RPM-R,사직,-
05.13(수),18:30,KT4vs5NC,리뷰,하이라이트,SPO-2T,KNN-RGM-R,창원,-
05.13(수),18:30,삼성5vs0키움,리뷰,하이라이트,KN-T,T-R,고척,-
05.13(수),18:30,KIA4vs3한화,리뷰,하이라이트,SS-TD-CMB,TM-R,대전,-
05.14(목),18:30,SK2vs3LG,리뷰,하이라이트,SPO-T,,잠실,-
05.14(목),18:30,두산7vs4롯데,리뷰,하이라이트,MS-T,KNN-RPM-R,사직,-
05.14(목),18:30,KT0vs1NC,리뷰,하이라이트,SPO-2T,KNN-RGM-R,창원,-
05.14(목),18:30,삼성8vs5키움,리뷰,하이라이트,KN-T,T-R,고척,-
05.14(목),18:30,KIA1vs4한화,리뷰,하이라이트,SS-TD-CMB,TM-R,대전,-
05.15(금),18:30,키움vsLG,,,SS-T,,잠실,우천취소
05.15(금),18:30,NC6vs2SK,리뷰,하이라이트,KN-TMS-T,KNN-R,문학,-
05.15(금),18:30,삼성6vs14KT,리뷰,하이라이트,SPO-T,T-R,수원,-
05.15(금),18:30,두산13vs4KIA,리뷰,하이라이트,SPO-2TG-CMB,,광주,-
05.15(금),18:30,롯데1vs2한화,리뷰,하이라이트,K-2TD-CMB,KNN-R,대전,-
05.16(토),14:00,롯데5vs1한화,리뷰,하이라이트,M-TD-CMB,KNN-R,대전,-
05.16(토),14:00,키움1vs3LG,리뷰,하이라이트,S-T,,잠실,-
05.16(토),17:00,NC2vs1SK,리뷰,하이라이트,KN-TMS-T,KNN-R,문학,-
05.16(토),17:00,삼성4vs10KT,리뷰,하이라이트,SPO-T,T-R,수원,-
05.16(토),17:00,두산4vs13KIA,리뷰,하이라이트,SPO-2TG-CMB,,광주,-
05.16(토),17:00,키움3vs5LG,리뷰,하이라이트,SS-T,,잠실,-
05.17(일),14:00,키움9vs4LG,리뷰,하이라이트,SPO-T,,잠실,-
05.17(일),14:00,NC11vs5SK,리뷰,하이라이트,KN-T,KNN-R,문학,-
05.17(일),14:00,삼성2vs9KT,리뷰,하이라이트,MS-T,T-R,수원,-
05.17(일),14:00,두산6vs4KIA,리뷰,하이라이트,SPO-2TG-CMB,,광주,-
05.17(일),14:00,롯데4vs5한화,리뷰,하이라이트,SS-TD-CMB,KNN-R,대전,-
05.19(화),18:30,NC5vs4두산,리뷰,하이라이트,SPO-T,,잠실,-
05.19(화),18:30,LG10vs6삼성,리뷰,하이라이트,SPO-2T,T-RDM-R,대구,-
05.19(화),18:30,한화11vs13KT,리뷰,하이라이트,SS-T,,수원,-
05.19(화),18:30,롯데2vs9KIA,리뷰,하이라이트,KN-TG-CMB,KNN-R,광주,-
05.19(화),18:30,SK6vs11키움,리뷰,하이라이트,MS-T,,고척,-
05.20(수),18:30,NC1vs2두산,리뷰,하이라이트,SPO-T,,잠실,-
05.20(수),18:30,LG1vs3삼성,리뷰,하이라이트,SPO-2T,T-RDM-R,대구,-
05.20(수),18:30,한화1vs8KT,리뷰,하이라이트,SS-T,,수원,-
05.20(수),18:30,롯데0vs6KIA,리뷰,하이라이트,KN-TG-CMB,KNN-R,광주,-
05.20(수),18:30,SK5vs3키움,리뷰,하이라이트,MS-T,,고척,-
05.21(목),18:30,NC12vs6두산,리뷰,하이라이트,SPO-T,,잠실,-
05.21(목),18:30,LG2vs0삼성,리뷰,하이라이트,SPO-2T,T-RDM-R,대구,-
05.21(목),18:30,한화9vs4KT,리뷰,하이라이트,SS-T,,수원,-
05.21(목),18:30,롯데1vs6KIA,리뷰,하이라이트,KN-TG-CMB,KNN-R,광주,-
05.21(목),18:30,SK8vs9키움,리뷰,하이라이트,MS-T,,고척,-
05.22(금),18:30,KT5vs6LG,리뷰,하이라이트,SPO-T,,잠실,-
05.22(금),18:30,KIA2vs1SK,리뷰,하이라이트,KN-T,,문학,-
05.22(금),18:30,키움7vs9롯데,리뷰,하이라이트,MS-T,KNN-RPM-R,사직,-
05.22(금),18:30,두산12vs7삼성,리뷰,하이라이트,SPO-2T,T-R,대구,-
05.22(금),18:30,한화5vs3NC,리뷰,하이라이트,SS-T,GM-R,창원,-
05.23(토),14:00,KT6vs2LG,리뷰,하이라이트,S-T,,잠실,-
05.23(토),17:00,KIA8vs3SK,리뷰,하이라이트,KN-T,,문학,-
05.23(토),17:00,키움12vs4롯데,리뷰,하이라이트,MS-T,KNN-RPM-R,사직,-
05.23(토),17:00,두산10vs6삼성,리뷰,하이라이트,SPO-2T,T-R,대구,-
05.23(토),17:00,한화0vs3NC,리뷰,하이라이트,SS-TSPO-T,GM-R,창원,-
05.24(일),14:00,KT7vs9LG,리뷰,하이라이트,SS-TSPO-T,,잠실,-
05.24(일),14:00,KIA3vs4SK,리뷰,하이라이트,M-T,,문학,-
05.24(일),14:00,키움0vs2롯데,리뷰,하이라이트,MS-T,KNN-RPM-R,사직,-
05.24(일),14:00,두산0vs13삼성,리뷰,하이라이트,KN-T,T-R,대구,-
05.24(일),14:00,한화5vs10NC,리뷰,하이라이트,SPO-2T,GM-R,창원,-
05.26(화),18:30,SK4vs6두산,리뷰,하이라이트,SPO-2T,,잠실,-
05.26(화),18:30,삼성0vs1롯데,리뷰,하이라이트,SPO-T,T-RKNN-RPM-R,사직,-
05.26(화),18:30,키움2vs7NC,리뷰,하이라이트,SS-T,GM-R,창원,-
05.26(화),18:30,KIA4vs1KT,리뷰,하이라이트,MS-T,,수원,-
05.26(화),18:30,LG3vs0한화,리뷰,하이라이트,KN-TD-CMB,TM-R,대전,-
05.27(수),18:30,SK2vs4두산,리뷰,하이라이트,SPO-2T,,잠실,-
05.27(수),18:30,삼성11vs1롯데,리뷰,하이라이트,SPO-T,T-RKNN-RPM-R,사직,-
05.27(수),18:30,키움3vs10NC,리뷰,하이라이트,SS-T,GM-R,창원,-
05.27(수),18:30,KIA0vs5KT,리뷰,하이라이트,MS-T,,수원,-
05.27(수),18:30,LG15vs4한화,리뷰,하이라이트,KN-TD-CMB,TM-R,대전,-
05.28(목),18:30,SK6vs1두산,리뷰,하이라이트,SPO-2T,,잠실,-
05.28(목),18:30,삼성3vs1롯데,리뷰,하이라이트,SPO-T,T-RKNN-RPM-R,사직,-
05.28(목),18:30,키움6vs9NC,리뷰,하이라이트,SS-T,GM-R,창원,-
05.28(목),18:30,KIA5vs6KT,리뷰,하이라이트,MS-T,,수원,-
05.28(목),18:30,LG3vs0한화,리뷰,하이라이트,KN-TD-CMB,TM-R,대전,-
05.29(금),18:30,롯데2vs4두산,리뷰,하이라이트,SS-T,KNN-R,잠실,-
05.29(금),18:30,한화6vs8SK,리뷰,하이라이트,SPO-T,,문학,-
05.29(금),18:30,NC4vs5삼성,리뷰,하이라이트,MS-T,T-R,대구,-
05.29(금),18:30,LG6vs2KIA,리뷰,하이라이트,K-2TG-CMB,,광주,-
05.29(금),18:30,KT1vs5키움,리뷰,하이라이트,KN-TSPO-2T,,고척,-
05.30(토),14:00,LG6vs10KIA,리뷰,하이라이트,S-TG-CMB,KNN-R,광주,-
05.30(토),17:00,롯데4vs5두산,리뷰,하이라이트,SS-T,KNN-R,잠실,-
05.30(토),17:00,한화3vs9SK,리뷰,하이라이트,SPO-T,,문학,-
05.30(토),17:00,NC1vs9삼성,리뷰,하이라이트,MS-T,T-R,대구,-
05.30(토),17:00,KT3vs14키움,리뷰,하이라이트,KN-TSPO-2T,,고척,-
05.31(일),14:00,롯데8vs3두산,리뷰,하이라이트,SPO-T,KNN-R,잠실,-
05.31(일),14:00,한화4vs6SK,리뷰,하이라이트,MS-T,,문학,-
05.31(일),14:00,NC18vs7삼성,리뷰,하이라이트,KN-T,T-R,대구,-
05.31(일),14:00,LG13vs5KIA,리뷰,하이라이트,SS-TG-CMB,,광주,-
05.31(일),14:00,KT12vs8키움,리뷰,하이라이트,SPO-2T,,고척,-
06.02(화),18:30,삼성2vs0LG,리뷰,하이라이트,SS-T,T-R,잠실,-
06.02(화),18:30,SK8vs2NC,리뷰,하이라이트,KN-T,GM-R,창원,-
06.02(화),18:30,두산11vs8KT,리뷰,하이라이트,MS-T,,수원,-
06.02(화),18:30,롯데2vs7KIA,리뷰,하이라이트,SPO-2TG-CMB,KNN-R,광주,-
06.02(화),18:30,키움15vs3한화,리뷰,하이라이트,SPO-TD-CMB,TM-R,대전,-
06.03(수),18:30,삼성12vs6LG,리뷰,하이라이트,SS-T,T-R,잠실,-
06.03(수),18:30,SK6vs8NC,리뷰,하이라이트,KN-T,GM-R,창원,-
06.03(수),18:30,두산2vs7KT,리뷰,하이라이트,MS-T,,수원,-
06.03(수),18:30,롯데2vs11KIA,리뷰,하이라이트,SPO-2TG-CMB,KNN-R,광주,-
06.03(수),18:30,키움6vs2한화,리뷰,하이라이트,SPO-TD-CMB,TM-R,대전,-
06.04(목),18:30,삼성0vs11LG,리뷰,하이라이트,SS-T,T-R,잠실,-
06.04(목),18:30,SK0vs10NC,리뷰,하이라이트,KN-T,GM-R,창원,-
06.04(목),18:30,두산14vs8KT,리뷰,하이라이트,MS-T,,수원,-
06.04(목),18:30,롯데3vs7KIA,리뷰,하이라이트,SPO-2TG-CMB,KNN-R,광주,-
06.04(목),18:30,키움7vs3한화,리뷰,하이라이트,SPO-TD-CMB,TM-R,대전,-
06.05(금),18:30,KIA1vs5두산,리뷰,하이라이트,K-2T,,잠실,-
06.05(금),18:30,삼성1vs4SK,리뷰,하이라이트,SS-T,T-R,문학,-
06.05(금),18:30,KT4vs6롯데,리뷰,하이라이트,KN-T,KNN-RPM-R,사직,-
06.05(금),18:30,LG3vs6키움,리뷰,하이라이트,MS-TSPO-T,,고척,-
06.05(금),18:30,NC13vs2한화,리뷰,하이라이트,SPO-2TD-CMB,TM-R,대전,-
06.06(토),14:00,KIA3vs4두산,리뷰,하이라이트,M-T,,잠실,-
06.06(토),14:00,NC14vs2한화,리뷰,하이라이트,S-T,,대전,-
06.06(토),17:00,삼성4vs6SK,리뷰,하이라이트,SS-TSPO-2T,T-R,문학,-
06.06(토),17:00,KT0vs1롯데,리뷰,하이라이트,KN-T,KNN-RPM-R,사직,-
06.06(토),17:00,LG4vs5키움,리뷰,하이라이트,MS-TSPO-T,,고척,-
06.07(일),17:00,KIA2vs3두산,리뷰,하이라이트,KN-T,,잠실,-
06.07(일),17:00,삼성3vs0SK,리뷰,하이라이트,MS-T,T-R,문학,-
06.07(일),17:00,KT2vs5롯데,리뷰,하이라이트,SPO-2T,KNN-RPM-R,사직,-
06.07(일),17:00,LG8vs1키움,리뷰,하이라이트,SPO-T,,고척,-
06.07(일),17:00,NC8vs2한화,리뷰,하이라이트,SS-TD-CMB,,대전,-
06.09(화),18:30,SK5vs3LG,리뷰,하이라이트,SPO-T,,잠실,-
06.09(화),18:30,한화3vs9롯데,리뷰,하이라이트,KN-T,KNN-RPM-R,사직,-
06.09(화),18:30,키움5vs3삼성,리뷰,하이라이트,SS-T,T-RDM-R,대구,-
06.09(화),18:30,두산8vs12NC,리뷰,하이라이트,SPO-2T,GM-R,창원,-
06.09(화),18:30,KIA3vs2KT,리뷰,하이라이트,MS-T,,수원,-
06.10(수),18:30,SKvsLG,,,SPO-T,,잠실,우천취소
06.10(수),18:30,한화2vs12롯데,리뷰,하이라이트,KN-T,KNN-RPM-R,사직,-
06.10(수),18:30,키움1vs4삼성,리뷰,하이라이트,SS-T,T-RDM-R,대구,-
06.10(수),18:30,두산9vs1NC,리뷰,하이라이트,SPO-2T,GM-R,창원,-
06.10(수),18:30,KIA10vs0KT,리뷰,하이라이트,MS-T,,수원,-
06.11(목),15:00,SK1vs3LG,리뷰,하이라이트,SPO-T,,잠실,-
06.11(목),18:30,SK3vs4LG,리뷰,하이라이트,SPO-T,,잠실,-
06.11(목),18:30,한화0vs5롯데,리뷰,하이라이트,KN-T,KNN-RPM-R,사직,-
06.11(목),18:30,키움3vs6삼성,리뷰,하이라이트,SS-T,T-RDM-R,대구,-
06.11(목),18:30,두산5vs7NC,리뷰,하이라이트,SPO-2T,GM-R,창원,-
06.11(목),18:30,KIA8vs13KT,리뷰,하이라이트,MS-T,,수원,-
06.12(금),18:30,롯데2vs3LG,리뷰,하이라이트,MS-T,KNN-R,잠실,-
06.12(금),18:30,KIA6vs3SK,리뷰,하이라이트,SPO-T,,문학,-
06.12(금),18:30,KTvs삼성,,,SPO-2T,T-R,대구,우천취소
06.12(금),18:30,키움3vs2NC,리뷰,하이라이트,SS-T,GM-R,창원,-
06.12(금),18:30,두산5vs2한화,리뷰,하이라이트,KN-T,TM-R,대전,-
06.13(토),14:00,KT3vs5삼성,리뷰,하이라이트,SPO-2T,T-R,대구,-
06.13(토),17:00,롯데7vs6LG,리뷰,하이라이트,MS-T,KNN-R,잠실,-
06.13(토),17:00,KIA2vs1SK,리뷰,하이라이트,SPO-T,,문학,-
06.13(토),17:00,키움18vs5NC,리뷰,하이라이트,SS-T,GM-R,창원,-
06.13(토),17:00,두산6vs7한화,리뷰,하이라이트,KN-T,,대전,-
06.13(토),17:00,KT7vs4삼성,리뷰,하이라이트,SPO-2T,T-R,대구,-
06.14(일),17:00,롯데6vs10LG,리뷰,하이라이트,MS-T,KNN-R,잠실,-
06.14(일),17:00,KIA3vs4SK,리뷰,하이라이트,SPO-T,,문학,-
06.14(일),17:00,KT0vs12삼성,리뷰,하이라이트,SPO-2T,T-R,대구,-
06.14(일),17:00,키움5vs9NC,리뷰,하이라이트,SS-T,GM-R,창원,-
06.14(일),17:00,두산2vs3한화,리뷰,하이라이트,KN-T,,대전,-
06.16(화),18:30,삼성4vs3두산,리뷰,하이라이트,MS-T,T-R,잠실,-
06.16(화),18:30,KT6vs5SK,리뷰,하이라이트,KN-TSPO-2T,,문학,-
06.16(화),18:30,NC4vs7KIA,리뷰,하이라이트,K-2T,,광주,-
06.16(화),18:30,롯데7vs5키움,리뷰,하이라이트,SPO-T,KNN-R,고척,-
06.16(화),18:30,LG9vs5한화,리뷰,하이라이트,SS-TD-CMB,DM-R,대전,-
06.17(수),18:30,삼성6vs3두산,리뷰,하이라이트,KN-T,T-R,잠실,-
06.17(수),18:30,KT6vs4SK,리뷰,하이라이트,SPO-2T,,문학,-
06.17(수),18:30,NC6vs7KIA,리뷰,하이라이트,SS-TG-CMB,,광주,-
06.17(수),18:30,롯데3vs4키움,리뷰,하이라이트,MS-T,KNN-R,고척,-
06.17(수),18:30,LG7vs1한화,리뷰,하이라이트,SPO-TD-CMB,DM-R,대전,-
06.18(목),18:30,삼성3vs7두산,리뷰,하이라이트,KN-T,T-R,잠실,-
06.18(목),18:30,KT5vs3SK,리뷰,하이라이트,SPO-2T,,문학,-
06.18(목),18:30,NCvsKIA,,,SS-TG-CMB,,광주,우천취소
06.18(목),18:30,롯데2vs3키움,리뷰,하이라이트,MS-T,KNN-R,고척,-
06.18(목),18:30,LG9vs7한화,리뷰,하이라이트,SPO-TD-CMB,DM-R,대전,-
06.19(금),18:30,두산18vs10LG,리뷰,하이라이트,SPO-T,,잠실,-
06.19(금),18:30,한화1vs3NC,리뷰,하이라이트,MS-T,GM-R,창원,-
06.19(금),18:30,롯데8vs9KT,리뷰,하이라이트,SS-T,KNN-R,수원,-
06.19(금),18:30,삼성4vs5KIA,리뷰,하이라이트,SPO-2TG-CMB,T-R,광주,-
06.19(금),18:30,SK1vs2키움,리뷰,하이라이트,KN-T,,고척,-
06.20(토),17:00,두산8vs2LG,리뷰,하이라이트,SPO-T,,잠실,-
06.20(토),17:00,한화4vs3NC,리뷰,하이라이트,MS-T,GM-R,창원,-
06.20(토),17:00,롯데8vs0KT,리뷰,하이라이트,SS-T,KNN-R,수원,-
06.20(토),17:00,삼성3vs6KIA,리뷰,하이라이트,SPO-2TG-CMB,T-R,광주,-
06.20(토),17:00,SK3vs9키움,리뷰,하이라이트,KN-T,,고척,-
06.21(일),17:00,두산3vs1LG,리뷰,하이라이트,SPO-T,,잠실,-
06.21(일),17:00,한화7vs9NC,리뷰,하이라이트,MS-T,GM-R,창원,-
06.21(일),17:00,롯데2vs3KT,리뷰,하이라이트,SS-T,KNN-R,수원,-
06.21(일),17:00,삼성12vs5KIA,리뷰,하이라이트,SPO-2TG-CMB,T-R,광주,-
06.21(일),17:00,SK2vs7키움,리뷰,하이라이트,KN-T,,고척,-
06.23(화),18:30,키움8vs3LG,리뷰,하이라이트,SS-T,,잠실,-
06.23(화),18:30,두산9vs2SK,리뷰,하이라이트,SPO-T,,문학,-
06.23(화),18:30,KIA3vs4롯데,리뷰,하이라이트,KN-T,KNN-RPM-R,사직,-
06.23(화),18:30,한화4vs11삼성,리뷰,하이라이트,SPO-2T,T-RDM-R,대구,-
06.23(화),18:30,NC4vs3KT,리뷰,하이라이트,MS-T,,수원,-
06.24(수),18:30,키움vsLG,,,SS-T,,잠실,우천취소
06.24(수),18:30,두산vsSK,,,SPO-T,,문학,우천취소
06.24(수),18:30,KIAvs롯데,,,KN-T,KNN-RPM-R,사직,우천취소
06.24(수),18:30,한화2vs3삼성,리뷰,하이라이트,SPO-2T,T-RDM-R,대구,-
06.24(수),18:30,NCvsKT,,,MS-T,,수원,우천취소
06.25(목),15:00,키움5vs2LG,리뷰,하이라이트,SS-T,,잠실,-
06.25(목),15:00,두산14vs6SK,리뷰,하이라이트,SPO-T,,문학,-
06.25(목),15:00,KIAvs롯데,,,KN-T,KNN-RPM-R,사직,우천취소
06.25(목),15:00,NC3vs1KT,리뷰,하이라이트,MS-T,,수원,-
06.25(목),18:30,키움8vs5LG,리뷰,하이라이트,SS-T,,잠실,-
06.25(목),18:30,두산0vs7SK,리뷰,하이라이트,SPO-T,,문학,-
06.25(목),18:30,KIAvs롯데,,,KN-T,KNN-RPM-R,사직,우천취소
06.25(목),18:30,NC6vs19KT,리뷰,하이라이트,MS-T,,수원,-
06.25(목),18:30,한화9vs2삼성,리뷰,하이라이트,SPO-2T,T-RDM-R,대구,-
06.26(금),18:30,NC9vs3두산,리뷰,하이라이트,SPO-2T,,잠실,-
06.26(금),18:30,LG0vs7SK,리뷰,하이라이트,SPO-T,,문학,-
06.26(금),18:30,삼성6vs4롯데,리뷰,하이라이트,MS-T,T-RKNN-RPM-R,사직,-
06.26(금),18:30,KIA8vs6키움,리뷰,하이라이트,KN-T,,고척,-
06.26(금),18:30,KT4vs7한화,리뷰,하이라이트,SS-TD-CMB,TM-R,대전,-
06.27(토),17:00,NC3vs12두산,리뷰,하이라이트,SPO-2T,,잠실,-
06.27(토),17:00,LG3vs0SK,리뷰,하이라이트,SPO-T,,문학,-
06.27(토),17:00,삼성6vs1롯데,리뷰,하이라이트,MS-T,T-RKNN-RPM-R,사직,-
06.27(토),17:00,KIA0vs2키움,리뷰,하이라이트,KN-T,,고척,-
06.27(토),17:00,KT7vs2한화,리뷰,하이라이트,SS-TD-CMB,,대전,-
06.28(일),17:00,NC5vs0두산,리뷰,하이라이트,SPO-2T,,잠실,-
06.28(일),17:00,LG4vs0SK,리뷰,하이라이트,SPO-T,,문학,-
06.28(일),17:00,삼성3vs7롯데,리뷰,하이라이트,MS-T,T-RKNN-RPM-R,사직,-
06.28(일),17:00,KIA0vs1키움,리뷰,하이라이트,KN-T,,고척,-
06.28(일),17:00,KT8vs4한화,리뷰,하이라이트,SS-TD-CMB,,대전,-
06.30(화),18:30,KT3vs4LG,리뷰,하이라이트,SS-T,,잠실,-
06.30(화),18:30,SK1vs4삼성,리뷰,하이라이트,KN-T,T-R,대구,-
06.30(화),18:30,롯데10vs8NC,리뷰,하이라이트,MS-T,KNN-RGM-R,창원,-
06.30(화),18:30,한화vsKIA,,,SPO-TG-CMB,,광주,우천취소
06.30(화),18:30,두산2vs11키움,리뷰,하이라이트,SPO-2T,,고척,-
07.01(수),18:30,KT11vs5LG,리뷰,하이라이트,SS-T,,잠실,-
07.01(수),18:30,SK1vs7삼성,리뷰,하이라이트,KN-T,T-RDM-R,대구,-
07.01(수),18:30,롯데2vs6NC,리뷰,하이라이트,MS-T,KNN-RGM-R,창원,-
07.01(수),18:30,한화3vs4KIA,리뷰,하이라이트,SPO-TG-CMB,,광주,-
07.01(수),18:30,두산14vs5키움,리뷰,하이라이트,SPO-2T,,고척,-
07.02(목),18:30,KT4vs3LG,리뷰,하이라이트,SS-T,,잠실,-
07.02(목),18:30,SK2vs6삼성,리뷰,하이라이트,KN-T,T-RDM-R,대구,-
07.02(목),18:30,롯데7vs9NC,리뷰,하이라이트,MS-T,KNN-RGM-R,창원,-
07.02(목),18:30,한화1vs7KIA,리뷰,하이라이트,SPO-TG-CMB,,광주,-
07.02(목),18:30,두산7vs10키움,리뷰,하이라이트,SPO-2T,,고척,-
07.03(금),18:30,한화1vs2두산,리뷰,하이라이트,KN-T,,잠실,-
07.03(금),18:30,SK7vs4롯데,리뷰,하이라이트,MS-T,KNN-RPM-R,사직,-
07.03(금),18:30,LG7vs9삼성,리뷰,하이라이트,SPO-T,T-R,대구,-
07.03(금),18:30,KIA8vs2NC,리뷰,하이라이트,SS-T,GM-R,창원,-
07.03(금),18:30,키움2vs3KT,리뷰,하이라이트,SPO-2T,,수원,-
07.04(토),18:00,한화6vs2두산,리뷰,하이라이트,KN-T,,잠실,-
07.04(토),18:00,SK4vs10롯데,리뷰,하이라이트,MS-T,KNN-RPM-R,사직,-
07.04(토),18:00,LG6vs7삼성,리뷰,하이라이트,SPO-T,T-R,대구,-
07.04(토),18:00,KIA2vs9NC,리뷰,하이라이트,SS-T,GM-R,창원,-
07.04(토),18:00,키움10vs6KT,리뷰,하이라이트,SPO-2T,,수원,-
07.05(일),17:00,한화4vs7두산,리뷰,하이라이트,KN-T,,잠실,-
07.05(일),17:00,SK6vs3롯데,리뷰,하이라이트,MS-T,KNN-RPM-R,사직,-
07.05(일),17:00,LG7vs3삼성,리뷰,하이라이트,SPO-T,T-R,대구,-
07.05(일),17:00,KIA6vs7NC,리뷰,하이라이트,SS-T,GM-R,창원,-
07.05(일),17:00,키움5vs10KT,리뷰,하이라이트,SPO-2T,,수원,-
07.07(화),18:30,LG6vs9두산,리뷰,하이라이트,SPO-T,,잠실,-
07.07(화),18:30,NC5vs4SK,리뷰,하이라이트,KN-T,,문학,-
07.07(화),18:30,KT8vs2KIA,리뷰,하이라이트,SPO-2T,,광주,-
07.07(화),18:30,삼성13vs2키움,리뷰,하이라이트,MS-T,T-R,고척,-
07.07(화),18:30,롯데6vs7한화,리뷰,하이라이트,SS-T,KNN-RDM-R,대전,-
07.08(수),18:30,LG8vs5두산,리뷰,하이라이트,SPO-T,,잠실,-
07.08(수),18:30,NC2vs3SK,리뷰,하이라이트,KN-T,,문학,-
07.08(수),18:30,KT7vs4KIA,리뷰,하이라이트,SPO-2T,,광주,-
07.08(수),18:30,삼성6vs7키움,리뷰,하이라이트,MS-T,T-R,고척,-
07.08(수),18:30,롯데6vs2한화,리뷰,하이라이트,SS-T,KNN-RDM-R,대전,-
07.09(목),18:30,LG0vs6두산,리뷰,하이라이트,SPO-T,,잠실,-
07.09(목),18:30,NC8vs2SK,리뷰,하이라이트,KN-T,,문학,-
07.09(목),18:30,KT4vs10KIA,리뷰,하이라이트,SPO-2T,,광주,-
07.09(목),18:30,삼성2vs4키움,리뷰,하이라이트,MS-T,T-R,고척,-
07.09(목),18:30,롯데5vs3한화,리뷰,하이라이트,SS-T,KNN-RDM-R,대전,-
07.10(금),18:30,NC12vs2LG,리뷰,하이라이트,SPO-T,,잠실,-
07.10(금),18:30,두산10vs5롯데,리뷰,하이라이트,SPO-2T,KNN-RPM-R,사직,-
07.10(금),18:30,삼성3vs8KT,리뷰,하이라이트,MS-T,T-R,수원,-
07.10(금),18:30,키움8vs9KIA,리뷰,하이라이트,KN-T,,광주,-
07.10(금),18:30,SK5vs6한화,리뷰,하이라이트,SS-T,DM-R,대전,-
07.11(토),18:00,NC6vs6LG,리뷰,하이라이트,SPO-T,,잠실,-
07.11(토),18:00,두산4vs5롯데,리뷰,하이라이트,SPO-2T,KNN-RPM-R,사직,-
07.11(토),18:00,삼성7vs10KT,리뷰,하이라이트,MS-T,T-R,수원,-
07.11(토),18:00,키움3vs8KIA,리뷰,하이라이트,KN-T,,광주,-
07.11(토),18:00,SK5vs3한화,리뷰,하이라이트,SS-T,,대전,-
07.12(일),17:00,NCvsLG,,,SPO-T,,잠실,우천취소
07.12(일),17:00,두산vs롯데,,,SPO-2T,KNN-RPM-R,사직,우천취소
07.12(일),17:00,삼성vsKT,,,MS-T,T-R,수원,우천취소
07.12(일),17:00,키움vsKIA,,,KN-T,,광주,우천취소
07.12(일),17:00,SKvs한화,,,SS-T,,대전,우천취소
07.13(월),18:30,NCvsLG,,,SPO-T,,잠실,우천취소
07.13(월),18:30,두산vs롯데,,,SPO-2T,KNN-RPM-R,사직,우천취소
07.13(월),18:30,삼성vsKT,,,MS-T,T-R,수원,우천취소
07.13(월),18:30,키움3vs13KIA,리뷰,하이라이트,KN-TG-CMB,,광주,-
07.13(월),18:30,SK2vs4한화,리뷰,하이라이트,SS-TD-CMB,,대전,-
07.14(화),18:30,SK12vs7두산,리뷰,하이라이트,SPO-2T,,잠실,-
07.14(화),18:30,LG0vs5롯데,리뷰,하이라이트,KN-T,KNN-RPM-R,사직,-
07.14(화),18:30,KIA0vs5삼성,리뷰,하이라이트,MS-T,T-R,대구,-
07.14(화),18:30,한화2vs7KT,리뷰,하이라이트,SS-T,,수원,-
07.14(화),18:30,NC1vs5키움,리뷰,하이라이트,SPO-T,,고척,-
07.15(수),18:30,SK2vs7두산,리뷰,하이라이트,SPO-2T,,잠실,-
07.15(수),18:30,LG9vs3롯데,리뷰,하이라이트,KN-T,KNN-RPM-R,사직,-
07.15(수),18:30,KIA5vs2삼성,리뷰,하이라이트,MS-T,T-RDM-R,대구,-
07.15(수),18:30,한화7vs3KT,리뷰,하이라이트,SS-T,,수원,-
07.15(수),18:30,NC4vs7키움,리뷰,하이라이트,SPO-T,,고척,-
07.16(목),18:30,SK2vs4두산,리뷰,하이라이트,SPO-2T,,잠실,-
07.16(목),18:30,LG10vs15롯데,리뷰,하이라이트,KN-T,KNN-RPM-R,사직,-
07.16(목),18:30,KIA7vs8삼성,리뷰,하이라이트,MS-T,T-RDM-R,대구,-
07.16(목),18:30,한화1vs4KT,리뷰,하이라이트,SS-T,,수원,-
07.16(목),18:30,NC9vs1키움,리뷰,하이라이트,SPO-T,,고척,-
07.17(금),18:30,한화0vs8LG,리뷰,하이라이트,KN-T,,잠실,-
07.17(금),18:30,키움9vs12SK,리뷰,하이라이트,SPO-2T,,문학,-
07.17(금),18:30,롯데10vs15삼성,리뷰,하이라이트,MS-T,T-RKNN-R,대구,-
07.17(금),18:30,KT3vs3NC,리뷰,하이라이트,SS-T,GM-R,창원,-
07.17(금),18:30,두산2vs4KIA,리뷰,하이라이트,SPO-TG-CMB,,광주,-
07.18(토),18:00,한화1vs3LG,리뷰,하이라이트,KN-T,,잠실,-
07.18(토),18:00,키움4vs1SK,리뷰,하이라이트,SPO-2T,,문학,-
07.18(토),18:00,롯데2vs5삼성,리뷰,하이라이트,MS-T,T-RKNN-R,대구,-
07.18(토),18:00,KT1vs6NC,리뷰,하이라이트,SS-T,GM-R,창원,-
07.18(토),18:00,두산6vs0KIA,리뷰,하이라이트,SPO-TG-CMB,,광주,-
07.19(일),17:00,한화2vs6LG,리뷰,하이라이트,KN-T,,잠실,-
07.19(일),17:00,키움3vs4SK,리뷰,하이라이트,SPO-2T,,문학,-
07.19(일),17:00,롯데2vs1삼성,리뷰,하이라이트,MS-T,T-RKNN-R,대구,-
07.19(일),17:00,KT2vs8NC,리뷰,하이라이트,SS-T,GM-R,창원,-
07.19(일),17:00,두산8vs4KIA,리뷰,하이라이트,SPO-TG-CMB,,광주,-
07.21(화),18:30,키움1vs6두산,리뷰,하이라이트,KN-T,,잠실,-
07.21(화),18:30,롯데7vs8SK,리뷰,하이라이트,SPO-T,KNN-R,문학,-
07.21(화),18:30,삼성5vs6NC,리뷰,하이라이트,MS-T,T-RGM-R,창원,-
07.21(화),18:30,LG9vs10KT,리뷰,하이라이트,SPO-2T,,수원,-
07.21(화),18:30,KIA10vs2한화,리뷰,하이라이트,SS-TD-CMB,DM-R,대전,-
07.22(수),18:30,키움vs두산,,,KN-T,,잠실,우천취소
07.22(수),18:30,롯데vsSK,,,SPO-T,KNN-R,문학,우천취소
07.22(수),18:30,삼성vsNC,,,MS-T,T-RGM-R,창원,우천취소
07.22(수),18:30,LGvsKT,,,SPO-2T,,수원,그라운드사정
07.22(수),18:30,KIA2vs1한화,리뷰,하이라이트,SS-TD-CMB,DM-R,대전,-
07.23(목),18:30,키움vs두산,,,KN-T,,잠실,우천취소
07.23(목),18:30,롯데vsSK,,,SPO-T,KNN-R,문학,우천취소
07.23(목),18:30,삼성vsNC,,,MS-T,T-RGM-R,창원,우천취소
07.23(목),18:30,LGvsKT,,,SPO-2T,,수원,우천취소
07.23(목),18:30,KIAvs한화,,,SS-TD-CMB,DM-R,대전,우천취소
07.24(금),18:30,LG8vs1두산,리뷰,하이라이트,SPO-T,,잠실,-
07.24(금),18:30,NC3vs2KT,리뷰,하이라이트,KN-T,,수원,-
07.24(금),18:30,삼성vsKIA,,,SPO-2TG-CMB,T-R,광주,우천취소
07.24(금),18:30,롯데4vs2키움,리뷰,하이라이트,SS-T,KNN-R,고척,-
07.24(금),18:30,SK7vs4한화,리뷰,하이라이트,MS-TD-CMB,,대전,-
07.25(토),18:00,LG3vs7두산,리뷰,하이라이트,SPO-T,,잠실,-
07.25(토),18:00,NC2vs6KT,리뷰,하이라이트,KN-T,,수원,-
07.25(토),18:00,삼성2vs8KIA,리뷰,하이라이트,SPO-2TG-CMB,T-R,광주,-
07.25(토),18:00,롯데6vs3키움,리뷰,하이라이트,SS-T,S-RKNN-R,고척,-
07.25(토),18:00,SKvs한화,,,MS-TD-CMB,,대전,우천취소
07.26(일),17:00,LG4vs3두산,리뷰,하이라이트,SPO-T,,잠실,-
07.26(일),17:00,NC4vs5KT,리뷰,하이라이트,KN-T,,수원,-
07.26(일),17:00,삼성5vs8KIA,리뷰,하이라이트,SPO-2TG-CMB,T-R,광주,-
07.26(일),17:00,롯데1vs8키움,리뷰,하이라이트,SS-T,KNN-R,고척,-
07.26(일),17:00,SK7vs4한화,리뷰,하이라이트,MS-TD-CMB,,대전,-
07.27(월),18:30,SK5vs5한화,리뷰,하이라이트,MS-T,,대전,-
07.28(화),18:30,키움6vs2두산,리뷰,하이라이트,SPO-T,,잠실,-
07.28(화),18:30,LG24vs7SK,리뷰,하이라이트,MS-T,,문학,-
07.28(화),18:30,NC9vs11롯데,리뷰,하이라이트,SS-T,KNN-RPM-R,사직,-
07.28(화),18:30,한화vs삼성,,,SPO-2T,T-R,대구,우천취소
07.28(화),18:30,KTvsKIA,,,KN-T,,광주,우천취소
07.29(수),18:30,키움vs두산,,,SPO-T,,잠실,우천취소
07.29(수),18:30,LG11vs6SK,리뷰,하이라이트,MS-T,,문학,-
07.29(수),18:30,NCvs롯데,,,SS-T,KNN-RPM-R,사직,우천취소
07.29(수),18:30,한화12vs7삼성,리뷰,하이라이트,SPO-2T,T-RDM-R,대구,-
07.29(수),18:30,KTvsKIA,,,KN-T,,광주,우천취소
07.30(목),18:30,키움8vs5두산,리뷰,하이라이트,SPO-T,,잠실,-
07.30(목),18:30,LG9vs1SK,리뷰,하이라이트,MS-T,,문학,-
07.30(목),18:30,NCvs롯데,,,SS-T,KNN-RPM-R,사직,우천취소
07.30(목),18:30,한화1vs2삼성,리뷰,하이라이트,SPO-2T,T-RDM-R,대구,-
07.30(목),18:30,KT4vs1KIA,리뷰,하이라이트,KN-T,,광주,-
07.31(금),18:30,한화2vs1LG,리뷰,하이라이트,KN-T,,잠실,-
07.31(금),18:30,KIA3vs2롯데,리뷰,하이라이트,K-2T,KNN-RPM-R,사직,-
07.31(금),18:30,키움10vs3삼성,리뷰,하이라이트,MS-T,T-R,대구,-
07.31(금),18:30,두산7vs10NC,리뷰,하이라이트,SPO-2T,GM-R,창원,-
07.31(금),18:30,SK1vs11KT,리뷰,하이라이트,SS-TSPO-T,,수원,-
08.01(토),18:00,한화6vs9LG,리뷰,하이라이트,SPO-2T,,잠실,-
08.01(토),18:00,KIA3vs7롯데,리뷰,하이라이트,MS-T,KNN-RPM-R,사직,-
08.01(토),18:00,키움22vs7삼성,리뷰,하이라이트,KN-T,T-R,대구,-
08.01(토),18:00,두산12vs10NC,리뷰,하이라이트,SS-T,GM-R,창원,-
08.01(토),18:00,SK0vs11KT,리뷰,하이라이트,SPO-T,,수원,-
08.02(일),17:00,한화vsLG,,,SPO-2T,,잠실,우천취소
08.02(일),17:00,KIA0vs8롯데,리뷰,하이라이트,MS-T,KNN-RPM-R,사직,-
08.02(일),17:00,키움4vs2삼성,리뷰,하이라이트,KN-T,T-R,대구,-
08.02(일),17:00,두산7vs4NC,리뷰,하이라이트,SS-T,GM-R,창원,-
08.02(일),17:00,SKvsKT,,,SPO-T,,수원,우천취소
08.03(월),18:30,한화vsLG,,,SPO-2T,,잠실,우천취소
08.03(월),18:30,SKvsKT,,,SPO-T,,수원,우천취소
08.04(화),18:30,삼성6vs3두산,리뷰,하이라이트,KN-T,T-R,잠실,-
08.04(화),18:30,롯데8vs0SK,리뷰,하이라이트,MS-T,KNN-R,문학,-
08.04(화),18:30,LG15vs5KIA,리뷰,하이라이트,SPO-TG-CMB,,광주,-
08.04(화),18:30,KT4vs2키움,리뷰,하이라이트,SS-T,,고척,-
08.04(화),18:30,NCvs한화,,,SPO-2TD-CMB,TM-R,대전,우천취소
08.05(수),18:30,삼성2vs2두산,리뷰,하이라이트,KN-T,T-R,잠실,-
08.05(수),18:30,롯데vsSK,,,MS-T,KNN-R,문학,우천취소
08.05(수),18:30,LG6vs4KIA,리뷰,하이라이트,SPO-TG-CMB,,광주,-
08.05(수),18:30,KT3vs12키움,리뷰,하이라이트,SS-T,,고척,-
08.05(수),18:30,NC5vs8한화,리뷰,하이라이트,SPO-2TD-CMB,TM-R,대전,-
08.06(목),18:30,삼성2vs5두산,리뷰,하이라이트,KN-T,T-R,잠실,-
08.06(목),18:30,롯데8vs2SK,리뷰,하이라이트,MS-T,KNN-R,문학,-
08.06(목),18:30,LG1vs13KIA,리뷰,하이라이트,SPO-TG-CMB,,광주,-
08.06(목),18:30,KT2vs3키움,리뷰,하이라이트,SS-T,,고척,-
08.06(목),18:30,NC4vs1한화,리뷰,하이라이트,SPO-2TD-CMB,TM-R,대전,-
08.07(금),18:30,롯데8vs4두산,리뷰,하이라이트,SPO-T,KNN-R,잠실,-
08.07(금),18:30,삼성2vs0SK,리뷰,하이라이트,MS-T,T-R,문학,-
08.07(금),18:30,NCvsKIA,,,SS-TG-CMB,,광주,우천취소
08.07(금),18:30,LG5vs2키움,리뷰,하이라이트,KN-T,,고척,-
08.07(금),18:30,KTvs한화,,,SPO-2TD-CMB,TM-R,대전,우천취소
08.08(토),18:00,롯데1vs1두산,리뷰,하이라이트,SPO-T,KNN-R,잠실,-
08.08(토),18:00,삼성2vs4SK,리뷰,하이라이트,MS-T,T-R,문학,-
08.08(토),18:00,NC2vs3KIA,리뷰,하이라이트,SS-TG-CMB,,광주,-
08.08(토),18:00,LG1vs5키움,리뷰,하이라이트,KN-T,,고척,-
08.08(토),18:00,KTvs한화,,,SPO-2TD-CMB,,대전,우천취소
08.09(일),17:00,롯데vs두산,,,SPO-T,KNN-R,잠실,우천취소
08.09(일),17:00,삼성vsSK,,,MS-T,T-R,문학,우천취소
08.09(일),17:00,NC8vs1KIA,리뷰,하이라이트,SS-TG-CMB,,광주,-
08.09(일),17:00,LG1vs2키움,리뷰,하이라이트,KN-T,,고척,-
08.09(일),17:00,KT6vs3한화,리뷰,하이라이트,SPO-2TD-CMB,,대전,-
08.10(월),18:30,롯데vs두산,,,SPO-T,KNN-R,잠실,우천취소
08.10(월),18:30,삼성vsSK,,,MS-T,T-R,문학,우천취소
08.10(월),18:30,KTvs한화,,,SPO-2TD-CMB,,대전,우천취소
08.11(화),18:30,KIA8vs4LG,리뷰,하이라이트,SPO-2T,,잠실,-
08.11(화),18:30,NCvs롯데,,,SS-T,KNN-RPM-R,사직,우천취소
08.11(화),18:30,두산6vs1삼성,리뷰,하이라이트,SPO-T,T-RDM-R,대구,-
08.11(화),18:30,SK1vs6KT,리뷰,하이라이트,KN-T,,수원,-
08.11(화),18:30,한화7vs5키움,리뷰,하이라이트,MS-T,,고척,-
08.12(수),18:30,KIA0vs8LG,리뷰,하이라이트,SPO-2T,,잠실,-
08.12(수),18:30,NC4vs8롯데,리뷰,하이라이트,SS-T,KNN-RPM-R,사직,-
08.12(수),18:30,두산15vs8삼성,리뷰,하이라이트,SPO-T,T-RDM-R,대구,-
08.12(수),18:30,SK11vs2KT,리뷰,하이라이트,KN-T,,수원,-
08.12(수),18:30,한화2vs3키움,리뷰,하이라이트,MS-T,,고척,-
08.13(목),18:30,KIA2vs4LG,리뷰,하이라이트,SPO-2T,,잠실,-
08.13(목),18:30,NC9vs2롯데,리뷰,하이라이트,SS-T,KNN-RPM-R,사직,-
08.13(목),18:30,두산2vs3삼성,리뷰,하이라이트,SPO-T,T-RDM-R,대구,-
08.13(목),18:30,SK10vs6KT,리뷰,하이라이트,KN-T,,수원,-
08.13(목),18:30,한화3vs6키움,리뷰,하이라이트,MS-T,,고척,-
08.14(금),18:30,KT5vs3두산,리뷰,하이라이트,MS-T,,잠실,-
08.14(금),18:30,키움1vs5롯데,리뷰,하이라이트,SPO-2T,KNN-RPM-R,사직,-
08.14(금),18:30,LG10vs4NC,리뷰,하이라이트,SPO-T,GM-R,창원,-
08.14(금),18:30,SK6vs7KIA,리뷰,하이라이트,KN-TG-CMB,,광주,-
08.14(금),18:30,삼성10vs1한화,리뷰,하이라이트,SS-TD-CMB,TM-R,대전,-
08.15(토),17:00,KT5vs7두산,리뷰,하이라이트,MS-T,,잠실,-
08.15(토),17:00,키움3vs1롯데,리뷰,하이라이트,SPO-2T,KNN-RPM-R,사직,-
08.15(토),17:00,LG13vs4NC,리뷰,하이라이트,SPO-T,GM-R,창원,-
08.15(토),17:00,SK3vs10KIA,리뷰,하이라이트,KN-TG-CMB,,광주,-
08.15(토),17:00,삼성2vs0한화,리뷰,하이라이트,SS-TD-CMB,,대전,-
08.16(일),17:00,KT4vs1두산,리뷰,하이라이트,MS-T,,잠실,-
08.16(일),17:00,키움6vs3롯데,리뷰,하이라이트,SPO-2T,KNN-RPM-R,사직,-
08.16(일),17:00,LG6vs5NC,리뷰,하이라이트,SPO-T,GM-R,창원,-
08.16(일),17:00,SK5vs8KIA,리뷰,하이라이트,KN-TG-CMB,,광주,-
08.16(일),17:00,삼성2vs3한화,리뷰,하이라이트,SS-TD-CMB,,대전,-
08.18(화),18:30,KIA5vs6LG,리뷰,하이라이트,MS-T,,잠실,-
08.18(화),18:30,한화3vs9SK,리뷰,하이라이트,SPO-2T,,문학,-
08.18(화),18:30,두산9vs2롯데,리뷰,하이라이트,KN-T,KNN-RPM-R,사직,-
08.18(화),18:30,KT6vs3삼성,리뷰,하이라이트,SS-T,T-RDM-R,대구,-
08.18(화),18:30,키움1vs5NC,리뷰,하이라이트,SPO-T,GM-R,창원,-
08.19(수),18:30,KIA1vs10LG,리뷰,하이라이트,MS-T,,잠실,-
08.19(수),18:30,한화6vs26SK,리뷰,하이라이트,SPO-2T,,문학,-
08.19(수),18:30,두산3vs7롯데,리뷰,하이라이트,KN-T,KNN-RPM-R,사직,-
08.19(수),18:30,KT6vs4삼성,리뷰,하이라이트,SS-T,T-RDM-R,대구,-
08.19(수),18:30,키움6vs4NC,리뷰,하이라이트,SPO-T,GM-R,창원,-
08.20(목),18:30,롯데6vs5두산,리뷰,하이라이트,MS-T,KNN-R,잠실,-
08.20(목),18:30,삼성8vs3SK,리뷰,하이라이트,SPO-2T,T-R,문학,-
08.20(목),18:30,NC14vs2KIA,리뷰,하이라이트,SPO-T,,광주,-
08.20(목),18:30,LG5vs6키움,리뷰,하이라이트,KN-T,,고척,-
08.20(목),18:30,KT3vs0한화,리뷰,하이라이트,SS-T,TM-R,대전,-
08.21(금),18:30,롯데0vs1두산,리뷰,하이라이트,K-2T,KNN-R,잠실,-
08.21(금),18:30,삼성6vs8SK,리뷰,하이라이트,KN-T,T-R,문학,-
08.21(금),18:30,NC10vs4KIA,리뷰,하이라이트,SPO-T,,광주,-
08.21(금),18:30,LG7vs3키움,리뷰,하이라이트,MS-T,,고척,-
08.21(금),18:30,KT1vs5한화,리뷰,하이라이트,SS-TSPO-2T,TM-R,대전,-
08.22(토),18:00,한화vsLG,,,MS-T,,잠실,우천취소
08.22(토),18:00,두산8vs1SK,리뷰,하이라이트,KN-T,,문학,-
08.22(토),18:00,롯데5vs3삼성,리뷰,하이라이트,SPO-T,T-RKNN-R,대구,-
08.22(토),18:00,NCvsKT,,,SPO-2T,,수원,우천취소
08.22(토),18:00,KIA3vs4키움,리뷰,하이라이트,SS-T,S-R,고척,-
08.23(일),17:00,한화4vs3LG,리뷰,하이라이트,MS-T,,잠실,-
08.23(일),17:00,두산8vs1SK,리뷰,하이라이트,KN-T,,문학,-
08.23(일),17:00,롯데11vs0삼성,리뷰,하이라이트,SPO-T,T-RKNN-R,대구,-
08.23(일),17:00,NC1vs10KT,리뷰,하이라이트,SPO-2T,,수원,-
08.23(일),17:00,KIA8vs7키움,리뷰,하이라이트,SS-T,,고척,-
08.24(월),18:30,한화6vs3LG,리뷰,하이라이트,MS-T,,잠실,-
08.24(월),18:30,NC1vs8KT,리뷰,하이라이트,SPO-2T,,수원,-
08.25(화),18:30,KIA8vs10두산,리뷰,하이라이트,SPO-2T,,잠실,-
08.25(화),18:30,SK10vs8롯데,리뷰,하이라이트,SS-T,KNN-RPM-R,사직,-
08.25(화),18:30,LG3vs4삼성,리뷰,하이라이트,SPO-T,T-RDM-R,대구,-
08.25(화),18:30,한화3vs11NC,리뷰,하이라이트,MS-T,GM-R,창원,-
08.25(화),18:30,키움4vs1KT,리뷰,하이라이트,KN-T,,수원,-
08.26(수),18:30,KIA7vs5두산,리뷰,하이라이트,SPO-2T,,잠실,-
08.26(수),18:30,SK1vs3롯데,리뷰,하이라이트,SS-T,KNN-RPM-R,사직,-
08.26(수),18:30,LG8vs5삼성,리뷰,하이라이트,SPO-T,T-RDM-R,대구,-
08.26(수),18:30,한화5vs9NC,리뷰,하이라이트,MS-T,GM-R,창원,-
08.26(수),18:30,키움5vs6KT,리뷰,하이라이트,KN-T,,수원,-
08.27(목),18:30,KT0vs2LG,리뷰,하이라이트,SPO-T,,잠실,-
08.27(목),18:30,KIA4vs10SK,리뷰,하이라이트,KN-T,,문학,-
08.27(목),18:30,키움11vs6롯데,리뷰,하이라이트,SPO-2T,KNN-RPM-R,사직,-
08.27(목),18:30,두산2vs8NC,리뷰,하이라이트,MS-T,GM-R,창원,-
08.27(목),18:30,삼성0vs7한화,리뷰,하이라이트,SS-TD-CMB,T-RTM-R,대전,-
08.28(금),18:30,KT5vs6LG,리뷰,하이라이트,SPO-T,,잠실,-
08.28(금),18:30,KIA11vs8SK,리뷰,하이라이트,KN-T,,문학,-
08.28(금),18:30,키움8vs4롯데,리뷰,하이라이트,SPO-2T,KNN-RPM-R,사직,-
08.28(금),18:30,두산11vs4NC,리뷰,하이라이트,MS-T,GM-R,창원,-
08.28(금),18:30,삼성vs한화,,,SS-TD-CMB,T-RTM-R,대전,우천취소
08.29(토),18:00,두산5vs5LG,리뷰,하이라이트,SPO-2T,,잠실,-
08.29(토),18:00,한화7vs9롯데,리뷰,하이라이트,KN-T,KNN-RPM-R,사직,-
08.29(토),18:00,SK5vs9NC,리뷰,하이라이트,SPO-T,GM-R,창원,-
08.29(토),18:00,KTvsKIA,,,MS-TG-CMB,,광주,우천취소
08.29(토),18:00,삼성5vs4키움,리뷰,하이라이트,SS-T,T-R,고척,-
08.30(일),14:00,KT8vs5KIA,리뷰,하이라이트,MS-T,,광주,-
08.30(일),17:00,두산1vs4LG,리뷰,하이라이트,SPO-2T,,잠실,-
08.30(일),17:00,한화2vs6롯데,리뷰,하이라이트,KN-T,KNN-RPM-R,사직,-
08.30(일),17:00,SK4vs7NC,리뷰,하이라이트,SPO-T,GM-R,창원,-
08.30(일),17:00,삼성2vs3키움,리뷰,하이라이트,SS-T,T-R,고척,-
08.30(일),17:00,KT5vs7KIA,리뷰,하이라이트,MS-T,,광주,-
09.01(화),18:30,한화0vs4두산,리뷰,하이라이트,SPO-2T,,잠실,-
09.01(화),18:30,LG13vs5SK,리뷰,하이라이트,KN-T,,문학,-
09.01(화),18:30,롯데2vs11KT,리뷰,하이라이트,MS-T,KNN-R,수원,-
09.01(화),18:30,삼성0vs6KIA,리뷰,하이라이트,SPO-TG-CMB,T-R,광주,-
09.01(화),18:30,NC5vs2키움,리뷰,하이라이트,SS-T,,고척,-
09.02(수),18:30,한화vs두산,,,SPO-2T,,잠실,우천취소
09.02(수),18:30,LGvsSK,,,KN-T,,문학,우천취소
09.02(수),18:30,롯데vsKT,,,MS-T,KNN-R,수원,우천취소
09.02(수),18:30,삼성vsKIA,,,SPO-TG-CMB,T-R,광주,우천취소
09.02(수),18:30,NC4vs6키움,리뷰,하이라이트,SS-T,,고척,-
09.03(목),18:30,NC5vs6LG,리뷰,하이라이트,KN-T,,잠실,-
09.03(목),18:30,KIA4vs3롯데,리뷰,하이라이트,SS-T,KNN-RPM-R,사직,-
09.03(목),18:30,두산10vs11삼성,리뷰,하이라이트,MS-T,T-RDM-R,대구,-
09.03(목),18:30,SK2vs6KT,리뷰,하이라이트,SPO-2T,,수원,-
09.03(목),18:30,키움6vs5한화,리뷰,하이라이트,SPO-TD-CMB,TM-R,대전,-
09.04(금),15:00,KIA6vs3롯데,리뷰,하이라이트,KN-TSS-TSPO-T,KNN-RPM-R,사직,-
09.04(금),15:00,SK2vs10KT,리뷰,하이라이트,MS-TSPO-2T,,수원,-
09.04(금),18:30,KIA7vs9롯데,리뷰,하이라이트,SS-T,KNN-RPM-R,사직,-
09.04(금),18:30,SK5vs7KT,리뷰,하이라이트,SPO-2T,,수원,-
09.04(금),18:30,NC5vs5LG,리뷰,하이라이트,KN-T,,잠실,-
09.04(금),18:30,두산5vs12삼성,리뷰,하이라이트,MS-T,T-RDM-R,대구,-
09.04(금),18:30,키움1vs7한화,리뷰,하이라이트,SPO-TD-CMB,TM-R,대전,-
09.05(토),17:00,SK1vs5두산,리뷰,하이라이트,SPO-T,,잠실,-
09.05(토),17:00,LGvs롯데,,,SS-T,KNN-RPM-R,사직,우천취소
09.05(토),17:00,NCvs삼성,,,MS-T,T-R,대구,우천취소
09.05(토),17:00,KT8vs1키움,리뷰,하이라이트,KN-T,,고척,-
09.05(토),17:00,KIA5vs4한화,리뷰,하이라이트,SPO-2TD-CMB,,대전,-
09.06(일),14:00,SK0vs10두산,리뷰,하이라이트,SPO-T,,잠실,-
09.06(일),14:00,LG7vs1롯데,리뷰,하이라이트,SS-T,KNN-RPM-R,사직,-
09.06(일),14:00,KT8vs7키움,리뷰,하이라이트,KN-T,,고척,-
09.06(일),14:00,KIA8vs4한화,리뷰,하이라이트,SPO-2TD-CMB,,대전,-
09.06(일),14:00,NC3vs5삼성,리뷰,하이라이트,MS-T,T-R,대구,-
09.06(일),17:00,NCvs삼성,,,MS-T,T-R,대구,우천취소
09.07(월),18:30,LG6vs12롯데,리뷰,하이라이트,SS-T,KNN-RPM-R,사직,-
09.08(화),18:30,KT0vs8두산,리뷰,하이라이트,MS-T,,잠실,-
09.08(화),18:30,키움16vs15SK,리뷰,하이라이트,SPO-T,,문학,-
09.08(화),18:30,한화4vs2삼성,리뷰,하이라이트,SS-T,T-RDM-R,대구,-
09.08(화),18:30,롯데2vs14NC,리뷰,하이라이트,SPO-2T,KNN-RGM-R,창원,-
09.08(화),18:30,LG2vs3KIA,리뷰,하이라이트,KN-TG-CMB,,광주,-
09.09(수),15:00,한화4vs4삼성,리뷰,하이라이트,KN-TMS-TSS-TSPO-2T,T-RDM-R,대구,-
09.09(수),18:30,한화7vs0삼성,리뷰,하이라이트,SS-T,T-RDM-R,대구,-
09.09(수),18:30,KT4vs2두산,리뷰,하이라이트,MS-T,,잠실,-
09.09(수),18:30,키움13vs4SK,리뷰,하이라이트,SPO-T,,문학,-
09.09(수),18:30,롯데7vs5NC,리뷰,하이라이트,SPO-2T,KNN-RGM-R,창원,-
09.09(수),18:30,LGvsKIA,,,KN-TG-CMB,,광주,우천취소
09.10(목),18:30,키움1vs6LG,리뷰,하이라이트,SPO-2T,,잠실,-
09.10(목),18:30,삼성8vs13롯데,리뷰,하이라이트,KN-T,T-RKNN-RPM-R,사직,-
09.10(목),18:30,KT8vs13NC,리뷰,하이라이트,SPO-T,GM-R,창원,-
09.10(목),18:30,두산5vs4KIA,리뷰,하이라이트,MS-TG-CMB,,광주,-
09.10(목),18:30,SK5vs1한화,리뷰,하이라이트,SS-TD-CMB,TM-R,대전,-
09.11(금),18:30,키움8vs2LG,리뷰,하이라이트,SPO-2T,,잠실,-
09.11(금),18:30,삼성4vs12롯데,리뷰,하이라이트,KN-T,T-RKNN-RPM-R,사직,-
09.11(금),18:30,KT1vs9NC,리뷰,하이라이트,SPO-T,GM-R,창원,-
09.11(금),18:30,두산vsKIA,,,MS-TG-CMB,,광주,우천취소
09.11(금),18:30,SK4vs3한화,리뷰,하이라이트,SS-TD-CMB,TM-R,대전,-
09.12(토),17:00,삼성5vs1LG,리뷰,하이라이트,KN-T,T-R,잠실,-
09.12(토),17:00,롯데1vs2SK,리뷰,하이라이트,MS-T,KNN-R,문학,-
09.12(토),17:00,KIA11vs3NC,리뷰,하이라이트,SPO-T,GM-R,창원,-
09.12(토),17:00,한화2vs5KT,리뷰,하이라이트,SS-T,,수원,-
09.12(토),17:00,두산0vs2키움,리뷰,하이라이트,SPO-2T,S-R,고척,-
09.13(일),14:00,삼성11vs0LG,리뷰,하이라이트,KN-T,T-R,잠실,-
09.13(일),14:00,롯데1vs3SK,리뷰,하이라이트,MS-T,KNN-R,문학,-
09.13(일),14:00,KIA4vs3NC,리뷰,하이라이트,SPO-T,GM-R,창원,-
09.13(일),14:00,한화4vs5KT,리뷰,하이라이트,SS-T,,수원,-
09.13(일),14:00,두산6vs6키움,리뷰,하이라이트,SPO-2T,,고척,-
09.15(화),18:30,NC3vs7두산,리뷰,하이라이트,KN-T,,잠실,-
09.15(화),18:30,삼성7vs0KT,리뷰,하이라이트,SPO-2T,T-R,수원,-
09.15(화),18:30,SK16vs1KIA,리뷰,하이라이트,SS-TG-CMB,,광주,-
09.15(화),18:30,롯데8vs5키움,리뷰,하이라이트,MS-T,KNN-R,고척,-
09.15(화),18:30,LG5vs6한화,리뷰,하이라이트,SPO-TD-CMB,TM-R,대전,-
09.16(수),18:30,NC5vs3두산,리뷰,하이라이트,KN-T,,잠실,-
09.16(수),18:30,삼성6vs11KT,리뷰,하이라이트,SPO-2T,T-R,수원,-
09.16(수),18:30,SK7vs6KIA,리뷰,하이라이트,SS-TG-CMB,,광주,-
09.16(수),18:30,롯데8vs2키움,리뷰,하이라이트,MS-T,KNN-R,고척,-
09.16(수),18:30,LG11vs5한화,리뷰,하이라이트,SPO-TD-CMB,TM-R,대전,-
09.17(목),18:30,롯데1vs9LG,리뷰,하이라이트,SPO-2T,KNN-R,잠실,-
09.17(목),18:30,NC3vs0SK,리뷰,하이라이트,KN-T,,문학,-
09.17(목),18:30,KIA12vs2삼성,리뷰,하이라이트,SS-T,T-RDM-R,대구,-
09.17(목),18:30,두산0vs3KT,리뷰,하이라이트,MS-T,,수원,-
09.17(목),18:30,한화2vs5키움,리뷰,하이라이트,SPO-T,,고척,-
09.18(금),18:30,롯데5vs3LG,리뷰,하이라이트,SPO-2T,KNN-R,잠실,-
09.18(금),18:30,NC9vs5SK,리뷰,하이라이트,KN-T,,문학,-
09.18(금),18:30,KIA13vs5삼성,리뷰,하이라이트,SS-T,T-RDM-R,대구,-
09.18(금),18:30,두산4vs5KT,리뷰,하이라이트,MS-T,,수원,-
09.18(금),18:30,한화2vs0키움,리뷰,하이라이트,SPO-T,,고척,-
09.19(토),17:00,LG9vs6두산,리뷰,하이라이트,SPO-2T,,잠실,-
09.19(토),17:00,KT5vs0SK,리뷰,하이라이트,MS-T,,문학,-
09.19(토),17:00,NC1vs5롯데,리뷰,하이라이트,SS-T,KNN-RPM-R,사직,-
09.19(토),17:00,키움8vs7삼성,리뷰,하이라이트,SPO-T,T-R,대구,-
09.19(토),17:00,한화0vs8KIA,리뷰,하이라이트,KN-TG-CMB,,광주,-
09.20(일),14:00,LG5vs6두산,리뷰,하이라이트,SPO-2T,,잠실,-
09.20(일),14:00,KT10vs2SK,리뷰,하이라이트,MS-T,,문학,-
09.20(일),14:00,키움6vs14삼성,리뷰,하이라이트,SPO-T,T-R,대구,-
09.20(일),14:00,한화11vs3KIA,리뷰,하이라이트,KN-TG-CMB,,광주,-
09.20(일),14:00,NC7vs2롯데,리뷰,하이라이트,SS-T,KNN-RPM-R,사직,-
09.20(일),17:00,NC6vs2롯데,리뷰,하이라이트,KN-TMS-TSS-T,KNN-RPM-R,사직,-
09.22(화),18:30,SK2vs7LG,리뷰,하이라이트,SPO-2T,,잠실,-
09.22(화),18:30,KT0vs8롯데,리뷰,하이라이트,KN-T,KNN-RPM-R,사직,-
09.22(화),18:30,삼성2vs3NC,리뷰,하이라이트,SPO-T,T-RGM-R,창원,-
09.22(화),18:30,키움2vs0KIA,리뷰,하이라이트,MS-TG-CMB,,광주,-
09.22(화),18:30,두산1vs5한화,리뷰,하이라이트,SS-TD-CMB,TM-R,대전,-
09.23(수),18:30,SK2vs6LG,리뷰,하이라이트,SPO-2T,,잠실,-
09.23(수),18:30,KT10vs5롯데,리뷰,하이라이트,KN-T,KNN-RPM-R,사직,-
09.23(수),18:30,삼성7vs8NC,리뷰,하이라이트,SPO-T,T-RGM-R,창원,-
09.23(수),18:30,키움13vs1KIA,리뷰,하이라이트,MS-TG-CMB,,광주,-
09.23(수),18:30,두산5vs6한화,리뷰,하이라이트,SS-TD-CMB,TM-R,대전,-
09.24(목),18:30,삼성0vs1두산,리뷰,하이라이트,SS-T,T-R,잠실,-
09.24(목),18:30,LG8vs12NC,리뷰,하이라이트,KN-T,GM-R,창원,-
09.24(목),18:30,KIA5vs3KT,리뷰,하이라이트,SPO-T,,수원,-
09.24(목),18:30,SK1vs6키움,리뷰,하이라이트,SPO-2T,,고척,-
09.24(목),18:30,롯데4vs7한화,리뷰,하이라이트,MS-TD-CMB,KNN-RTM-R,대전,-
09.25(금),18:30,삼성4vs3두산,리뷰,하이라이트,SS-T,T-R,잠실,-
09.25(금),18:30,LG1vs7NC,리뷰,하이라이트,KN-T,GM-R,창원,-
09.25(금),18:30,KIA3vs7KT,리뷰,하이라이트,SPO-T,,수원,-
09.25(금),18:30,SK8vs6키움,리뷰,하이라이트,SPO-2T,,고척,-
09.25(금),18:30,롯데5vs6한화,리뷰,하이라이트,MS-TD-CMB,KNN-RTM-R,대전,-
09.26(토),17:00,키움0vs4두산,리뷰,하이라이트,SPO-T,,잠실,-
09.26(토),17:00,SK2vs8삼성,리뷰,하이라이트,SPO-2T,T-R,대구,-
09.26(토),17:00,LG3vs1KT,리뷰,하이라이트,KN-T,,수원,-
09.26(토),17:00,롯데16vs3KIA,리뷰,하이라이트,SS-TG-CMB,KNN-R,광주,-
09.26(토),17:00,NC13vs1한화,리뷰,하이라이트,MS-TD-CMB,,대전,-
09.27(일),14:00,SK12vs1삼성,리뷰,하이라이트,SPO-2T,T-R,대구,-
09.27(일),14:00,LG4vs5KT,리뷰,하이라이트,KN-T,,수원,-
09.27(일),14:00,롯데1vs2KIA,리뷰,하이라이트,SS-TG-CMB,KNN-R,광주,-
09.27(일),14:00,NC5vs4한화,리뷰,하이라이트,MS-TD-CMB,,대전,-
09.27(일),14:00,키움7vs3두산,리뷰,하이라이트,SPO-T,,잠실,-
09.27(일),17:00,키움1vs6두산,리뷰,하이라이트,KN-TMS-TSPO-T,,잠실,-
09.29(화),18:30,롯데8vs5LG,리뷰,하이라이트,KN-T,KNN-R,잠실,-
09.29(화),18:30,KT4vs1삼성,리뷰,하이라이트,SS-T,T-R,대구,-
09.29(화),18:30,SK0vs3NC,리뷰,하이라이트,SPO-T,GM-R,창원,-
09.29(화),18:30,KIA10vs6키움,리뷰,하이라이트,MS-T,,고척,-
09.29(화),18:30,두산7vs3한화,리뷰,하이라이트,SPO-2TD-CMB,TM-R,대전,-
09.30(수),14:00,롯데3vs5LG,리뷰,하이라이트,MS-T,KNN-R,잠실,-
09.30(수),14:00,KT5vs3삼성,리뷰,하이라이트,SS-TSPO-T,T-R,대구,-
09.30(수),14:00,SK3vs12NC,리뷰,하이라이트,SPO-2T,GM-R,창원,-
09.30(수),14:00,KIA3vs2키움,리뷰,하이라이트,S-T,,고척,-
09.30(수),14:00,두산0vs10한화,리뷰,하이라이트,KN-TD-CMB,TM-R,대전,-
10.01(목),14:00,롯데3vs2LG,리뷰,하이라이트,M-T,KNN-R,잠실,-
10.01(목),14:00,KT6vs7삼성,리뷰,하이라이트,SS-TSPO-T,T-R,대구,-
10.01(목),14:00,SK2vs10NC,리뷰,하이라이트,SPO-2T,GM-R,창원,-
10.01(목),14:00,KIA3vs1키움,리뷰,하이라이트,MS-T,,고척,-
10.01(목),14:00,두산4vs12한화,리뷰,하이라이트,KN-TD-CMB,TM-R,대전,-
10.02(금),14:00,KIA3vs14두산,리뷰,하이라이트,SPO-T,,잠실,-
10.02(금),14:00,키움12vs5SK,리뷰,하이라이트,SPO-2T,,문학,-
10.02(금),14:00,한화1vs4롯데,리뷰,하이라이트,MS-T,KNN-RPM-R,사직,-
10.02(금),14:00,삼성8vs2NC,리뷰,하이라이트,SS-T,T-RGM-R,창원,-
10.02(금),14:00,LG2vs5KT,리뷰,하이라이트,KN-T,,수원,-
10.03(토),14:00,KIA2vs7두산,리뷰,하이라이트,SPO-T,,잠실,-
10.03(토),14:00,키움3vs9SK,리뷰,하이라이트,SPO-2T,,문학,-
10.03(토),14:00,한화0vs10롯데,리뷰,하이라이트,MS-T,KNN-RPM-R,사직,-
10.03(토),14:00,삼성6vs6NC,리뷰,하이라이트,SS-T,T-RGM-R,창원,-
10.03(토),14:00,LG7vs2KT,리뷰,하이라이트,KN-T,,수원,-
10.03(토),17:00,삼성2vs12NC,리뷰,하이라이트,SS-TSPO-T,T-RGM-R,창원,-
10.03(토),17:00,LG2vs12KT,리뷰,하이라이트,KN-TMS-TSPO-2T,,수원,-
10.04(일),14:00,KIA1vs7두산,리뷰,하이라이트,SPO-T,,잠실,-
10.04(일),14:00,키움0vs6SK,리뷰,하이라이트,SPO-2T,,문학,-
10.04(일),14:00,한화5vs14롯데,리뷰,하이라이트,MS-T,KNN-RPM-R,사직,-
10.04(일),14:00,삼성1vs4NC,리뷰,하이라이트,SS-T,T-RGM-R,창원,-
10.04(일),14:00,LG13vs8KT,리뷰,하이라이트,KN-T,,수원,-
10.06(화),18:30,삼성3vs2LG,리뷰,하이라이트,SPO-T,T-R,잠실,-
10.06(화),18:30,두산9vs4SK,리뷰,하이라이트,SPO-2T,,문학,-
10.06(화),18:30,KT9vs10롯데,리뷰,하이라이트,MS-T,KNN-RPM-R,사직,-
10.06(화),18:30,한화3vs2KIA,리뷰,하이라이트,SS-TG-CMB,,광주,-
10.06(화),18:30,NC1vs2키움,리뷰,하이라이트,KN-T,,고척,-
10.07(수),15:00,한화4vs6KIA,리뷰,하이라이트,KN-TMS-TSS-TSPO-2TG-CMB,,광주,-
10.07(수),18:30,한화5vs0KIA,리뷰,하이라이트,SS-TG-CMB,,광주,-
10.07(수),18:30,삼성1vs3LG,리뷰,하이라이트,SPO-T,T-R,잠실,-
10.07(수),18:30,두산4vs5SK,리뷰,하이라이트,SPO-2T,,문학,-
10.07(수),18:30,KT9vs6롯데,리뷰,하이라이트,MS-T,KNN-RPM-R,사직,-
10.07(수),18:30,NC4vs3키움,리뷰,하이라이트,KN-T,,고척,-
10.08(목),18:30,삼성0vs1LG,리뷰,하이라이트,SPO-T,T-R,잠실,-
10.08(목),18:30,두산10vs0SK,리뷰,하이라이트,SPO-2T,,문학,-
10.08(목),18:30,KT6vs5롯데,리뷰,하이라이트,MS-T,KNN-RPM-R,사직,-
10.08(목),18:30,한화13vs6KIA,리뷰,하이라이트,SS-TG-CMB,,광주,-
10.08(목),18:30,NC7vs10키움,리뷰,하이라이트,KN-T,,고척,-
10.09(금),17:00,NC0vs4LG,리뷰,하이라이트,SPO-T,,잠실,-
10.09(금),17:00,롯데3vs7삼성,리뷰,하이라이트,SS-T,T-RKNN-R,대구,-
10.09(금),17:00,두산4vs0KT,리뷰,하이라이트,KN-T,,수원,-
10.09(금),17:00,SK3vs5KIA,리뷰,하이라이트,SPO-2TG-CMB,,광주,-
10.09(금),17:00,키움6vs7한화,리뷰,하이라이트,MS-TD-CMB,,대전,-
10.10(토),14:00,NC0vs5LG,리뷰,하이라이트,S-T,,잠실,-
10.10(토),17:00,롯데1vs0삼성,리뷰,하이라이트,SS-T,T-RKNN-R,대구,-
10.10(토),17:00,두산13vs8KT,리뷰,하이라이트,KN-T,,수원,-
10.10(토),17:00,SK2vs1KIA,리뷰,하이라이트,SPO-2TG-CMB,,광주,-
10.10(토),17:00,키움3vs0한화,리뷰,하이라이트,MS-TD-CMB,,대전,-
10.10(토),17:00,NC5vs9LG,리뷰,하이라이트,SPO-T,,잠실,-
10.11(일),14:00,NC3vs7LG,리뷰,하이라이트,SPO-T,,잠실,-
10.11(일),14:00,롯데4vs8삼성,리뷰,하이라이트,SS-T,T-RKNN-R,대구,-
10.11(일),14:00,두산4vs5KT,리뷰,하이라이트,KN-T,,수원,-
10.11(일),14:00,SK9vs5KIA,리뷰,하이라이트,SPO-2TG-CMB,,광주,-
10.11(일),14:00,키움3vs9한화,리뷰,하이라이트,MS-TD-CMB,,대전,-
10.13(화),18:30,한화0vs5두산,리뷰,하이라이트,SS-T,,잠실,-
10.13(화),18:30,LG2vs17롯데,리뷰,하이라이트,SPO-2T,KNN-RPM-R,사직,-
10.13(화),18:30,SK7vs3삼성,리뷰,하이라이트,MS-T,T-RDM-R,대구,-
10.13(화),18:30,KIA11vs9NC,리뷰,하이라이트,KN-T,GM-R,창원,-
10.13(화),18:30,키움3vs7KT,리뷰,하이라이트,SPO-T,,수원,-
10.14(수),18:30,한화1vs2두산,리뷰,하이라이트,SS-T,,잠실,-
10.14(수),18:30,LG0vs3롯데,리뷰,하이라이트,SPO-2T,KNN-RPM-R,사직,-
10.14(수),18:30,SK1vs2삼성,리뷰,하이라이트,MS-T,T-RDM-R,대구,-
10.14(수),18:30,KIA3vs8NC,리뷰,하이라이트,KN-T,GM-R,창원,-
10.14(수),18:30,키움5vs3KT,리뷰,하이라이트,SPO-T,,수원,-
10.15(목),18:30,한화3vs16두산,리뷰,하이라이트,SS-T,,잠실,-
10.15(목),18:30,LG6vs2롯데,리뷰,하이라이트,SPO-2T,KNN-RPM-R,사직,-
10.15(목),18:30,SK10vs3삼성,리뷰,하이라이트,MS-T,T-RDM-R,대구,-
10.15(목),18:30,KIA12vs11NC,리뷰,하이라이트,KN-T,GM-R,창원,-
10.15(목),18:30,키움4vs0KT,리뷰,하이라이트,SPO-T,,수원,-
10.16(금),18:30,KIA0vs9LG,리뷰,하이라이트,K-2T,,잠실,-
10.16(금),18:30,KT1vs7SK,리뷰,하이라이트,KN-TMS-T,,문학,-
10.16(금),18:30,롯데5vs6NC,리뷰,하이라이트,SPO-2T,KNN-RGM-R,창원,-
10.16(금),18:30,두산4vs7키움,리뷰,하이라이트,SPO-T,,고척,-
10.16(금),18:30,삼성6vs2한화,리뷰,하이라이트,SS-TD-CMB,T-RTM-R,대전,-
10.17(토),14:00,삼성4vs4한화,리뷰,하이라이트,MS-TSPO-2TD-CMB,T-R,대전,-
10.17(토),17:00,KIA8vs11LG,리뷰,하이라이트,SPO-2T,,잠실,-
10.17(토),17:00,KT6vs4SK,리뷰,하이라이트,KN-T,,문학,-
10.17(토),17:00,롯데3vs4NC,리뷰,하이라이트,SS-T,KNN-RGM-R,창원,-
10.17(토),17:00,두산3vs5키움,리뷰,하이라이트,SPO-T,,고척,-
10.17(토),17:00,삼성4vs2한화,리뷰,하이라이트,MS-TD-CMB,T-R,대전,-
10.18(일),14:00,KIA4vs0LG,리뷰,하이라이트,KN-T,,잠실,-
10.18(일),14:00,KT7vs5SK,리뷰,하이라이트,네이버카카오wavveSeeznU+프로야구아프리카트위치,,문학,-
10.18(일),14:00,롯데9vs2NC,리뷰,하이라이트,SPO-2T,KNN-RGM-R,창원,-
10.18(일),14:00,두산8vs2키움,리뷰,하이라이트,SPO-T,,고척,-
10.18(일),14:00,삼성5vs4한화,리뷰,하이라이트,SS-T,,대전,-
10.20(화),18:30,삼성12vs2SK,리뷰,하이라이트,KN-TSPO-2T,T-R,문학,-
10.20(화),18:30,두산6vs1롯데,리뷰,하이라이트,SS-T,KNN-RPM-R,사직,-
10.20(화),18:30,LG7vs6KT,리뷰,하이라이트,SPO-T,,수원,-
10.20(화),18:30,NC13vs3KIA,리뷰,하이라이트,MS-TG-CMB,,광주,-
10.21(수),18:30,롯데3vs11SK,리뷰,하이라이트,MS-TSS-T,KNN-R,문학,-
10.21(수),18:30,삼성1vs2KT,리뷰,하이라이트,SPO-TSPO-2T,T-R,수원,-
10.21(수),18:30,NCvsKIA,,,KN-TG-CMB,,광주,우천취소
10.22(목),18:30,KT17vs5두산,리뷰,하이라이트,SS-TSPO-T,,잠실,-
10.22(목),18:30,롯데8vs9SK,리뷰,하이라이트,KN-TMS-T,KNN-R,문학,-
10.22(목),18:30,KIA10vs4한화,리뷰,하이라이트,SPO-2TD-CMB,TM-R,대전,-
10.23(금),18:30,키움6vs2두산,리뷰,하이라이트,SPO-2T,,잠실,-
10.23(금),18:30,롯데3vs0SK,리뷰,하이라이트,KN-T,KNN-R,문학,-
10.23(금),18:30,LG8vs4KIA,리뷰,하이라이트,SPO-TG-CMB,,광주,-
10.23(금),18:30,NC6vs11한화,리뷰,하이라이트,MS-TSS-TD-CMB,TM-R,대전,-
10.24(토),17:00,롯데1vs2두산,리뷰,하이라이트,KN-TMS-T,KNN-R,잠실,-
10.24(토),17:00,LG3vs3NC,리뷰,하이라이트,SPO-TSPO-2T,GM-R,창원,-
10.24(토),17:00,삼성11vs7KIA,리뷰,하이라이트,SS-TG-CMB,T-R,광주,-
10.25(일),14:00,롯데5vs10KT,리뷰,하이라이트,KN-TSPO-T,KNN-R,수원,-
10.25(일),14:00,삼성1vs10KIA,리뷰,하이라이트,MS-TSS-TSPO-2TG-CMB,T-R,광주,-
10.27(화),18:30,한화0vs3두산,리뷰,하이라이트,KN-T,,잠실,-
10.27(화),18:30,SK0vs1롯데,리뷰,하이라이트,SPO-T,KNN-RPM-R,사직,-
10.27(화),18:30,삼성12vs2NC,리뷰,하이라이트,MS-T,T-RGM-R,창원,-
10.27(화),18:30,KT7vs6KIA,리뷰,하이라이트,SS-TG-CMB,,광주,-
10.28(수),18:30,한화7vs6LG,리뷰,하이라이트,SPO-T,,잠실,-
10.28(수),18:30,NC7vs1롯데,리뷰,하이라이트,SS-T,KNN-RPM-R,사직,-
10.28(수),18:30,KT3vs4KIA,리뷰,하이라이트,SPO-2TG-CMB,,광주,-
10.29(목),18:30,NC11vs4롯데,리뷰,하이라이트,SPO-2T,KNN-RPM-R,사직,-
10.29(목),18:30,두산9vs2KIA,리뷰,하이라이트,MS-TG-CMB,,광주,-
10.29(목),18:30,KT12vs1한화,리뷰,하이라이트,KN-TD-CMB,TM-R,대전,-
10.30(금),18:30,키움0vs2두산,리뷰,하이라이트,KN-T,,잠실,-
10.30(금),18:30,LG2vs3SK,리뷰,하이라이트,SPO-2T,,문학,-
10.30(금),18:30,KIA2vs13롯데,리뷰,하이라이트,SS-T,KNN-RPM-R,사직,-
10.30(금),18:30,NC4vs4삼성,리뷰,하이라이트,MS-T,T-R,대구,-
10.30(금),18:30,KT3vs4한화,리뷰,하이라이트,SPO-TD-CMB,TM-R,대전,-
10.31(토),17:00,NC3vs4KIA,리뷰,하이라이트,KN-TMS-TG-CMB,,광주,-
데이터가 없습니다.,,,,,,,,
